{
  "iterations": [
    1,
    2,
    3,
    4,
    5,
    6,
    7,
    8,
    9,
    10
  ],
  "elapsed_seconds": [
    20.84343194961548,
    39.41510486602783,
    59.67552471160889,
    76.81509685516357,
    96.68637275695801,
    122.83648371696472,
    143.32163786888123,
    164.55783605575562,
    184.80189275741577,
    207.90463089942932
  ],
  "total_loss": [
    0.02646195888519287,
    0.022792674601078033,
    0.019912894815206528,
    0.018111424520611763,
    0.01690811477601528,
    0.01594679243862629,
    0.01511000469326973,
    0.014362863264977932,
    0.01367902010679245,
    0.013048605993390083
  ],
  "mse_loss": [
    0.022534945979714394,
    0.019307803362607956,
    0.01666150614619255,
    0.01502340380102396,
    0.013943211175501347,
    0.01308584026992321,
    0.012343707494437695,
    0.011675187386572361,
    0.011058805510401726,
    0.010484693571925163
  ],
  "tv_loss": [
    0.003927013371139765,
    0.003484871005639434,
    0.003251389367505908,
    0.0030880209524184465,
    0.0029649033676832914,
    0.0028609519358724356,
    0.0027662974316626787,
    0.0026876761112362146,
    0.002620214596390724,
    0.00256391242146492
  ],
  "snr": [
    -5.568591043249896,
    -5.554471574244763,
    -5.534720398047942,
    -5.50929346967707,
    -5.480150603440191,
    -5.448521215310906,
    -5.414931332383665,
    -5.379699192265262,
    -5.3430275830599605,
    -5.304888992313462
  ],
  "psnr": [
    22.148010053216524,
    22.162129522221655,
    22.181880698418478,
    22.20730762678935,
    22.236450493026233,
    22.268079881155515,
    22.301669764082757,
    22.33690190420116,
    22.373573513406463,
    22.411712104152958
  ],
  "ssim": [
    0.007116000992758273,
    0.00722219354392852,
    0.007385931898047156,
    0.0075998820592804986,
    0.00784259395788408,
    0.008101429851106583,
    0.008371489917662607,
    0.00864981449858112,
    0.008934554245052727,
    0.009226750434224003
  ],
  "best_iteration": 10,
  "best_metrics": {
    "residual_energy": 0.02136762998998165,
    "snr": -5.304888992313462,
    "psnr": 22.411712104152958,
    "ssim": 0.009226750434224003,
    "snr_input": -0.8169071083418361,
    "snr_gain": -4.487981883971625
  },
  "config": {
    "mode": "as_dip",
    "backbone": "unet",
    "input_channels": 32,
    "output_channels": 1,
    "activation": "mish",
    "norm": "batch",
    "learning_rate": 0.001,
    "latent_learning_rate": 0.05,
    "adapter_learning_rate": 0.001,
    "iterations": 10,
    "tv_weight": 0.05,
    "tv_mode": "l1",
    "log_interval": 100,
    "exp_smoothing": 0.99,
    "reg_noise_std": 0.0,
    "train_norm_layers": true,
    "train_output_adapter": true,
    "unet_features": [
      64,
      128,
      256,
      512
    ],
    "lightweight_channels": [
      128,
      128,
      64,
      64
    ],
    "pad_border": 0
  }
}