experiment_name,dataset_type,method,method_id,best_iteration,elapsed_seconds,snr,snr_input,snr_gain,psnr,ssim,residual_energy
field_benchmark_full10,field,Standard DIP,standard_dip,10,306.67284893989563,-14.51779776173818,-0.8169071083418361,-13.700890653396344,13.19880333472824,0.018640298233290147,0.13814668357372284
field_benchmark_full10,field,DRP-DIP,drp_dip,10,199.62805080413818,-11.672674353306384,-0.8169071083418361,-10.855767244964548,16.043926743160036,0.026360398867170894,0.07409140467643738
field_benchmark_full10,field,AS-DIP,as_dip,10,207.93540287017822,-5.304888992313462,-0.8169071083418361,-4.487981883971625,22.411712104152958,0.009226750434224003,0.02136762998998165
