{
  "iterations": [
    1,
    2,
    3,
    4,
    5,
    6,
    7,
    8,
    9,
    10
  ],
  "elapsed_seconds": [
    20.825633764266968,
    41.17792987823486,
    61.80950093269348,
    80.13699078559875,
    100.90741467475891,
    121.75438165664673,
    141.1567187309265,
    160.8308458328247,
    179.8020589351654,
    199.60150384902954
  ],
  "total_loss": [
    0.08353681862354279,
    0.08417132496833801,
    0.05954032018780708,
    0.04778991639614105,
    0.037226032465696335,
    0.030279748141765594,
    0.02553977631032467,
    0.021855192258954048,
    0.01893680915236473,
    0.01654602773487568
  ],
  "mse_loss": [
    0.08353681862354279,
    0.08417132496833801,
    0.05954032018780708,
    0.04778991639614105,
    0.037226032465696335,
    0.030279748141765594,
    0.02553977631032467,
    0.021855192258954048,
    0.01893680915236473,
    0.01654602773487568
  ],
  "tv_loss": [
    0.0,
    0.0,
    0.0,
    0.0,
    0.0,
    0.0,
    0.0,
    0.0,
    0.0,
    0.0
  ],
  "snr": [
    -12.211654230854858,
    -12.153631129275569,
    -12.105618520093394,
    -12.052553317365856,
    -11.995468098427562,
    -11.935729851706714,
    -11.873346470274157,
    -11.808504477304362,
    -11.741498211739339,
    -11.672674353306384
  ],
  "psnr": [
    15.504946865611561,
    15.562969967190854,
    15.610982576373027,
    15.664047779100565,
    15.721132998038858,
    15.780871244759707,
    15.843254626192264,
    15.908096619162059,
    15.975102884727082,
    16.043926743160036
  ],
  "ssim": [
    0.024927637667657362,
    0.02508974720936151,
    0.025090779712626837,
    0.025149358530115407,
    0.02526793169346127,
    0.025411381673316438,
    0.025579050250651377,
    0.025790735300776118,
    0.02605236808598019,
    0.026360398867170894
  ],
  "best_iteration": 10,
  "best_metrics": {
    "residual_energy": 0.07409140467643738,
    "snr": -11.672674353306384,
    "psnr": 16.043926743160036,
    "ssim": 0.026360398867170894,
    "snr_input": -0.8169071083418361,
    "snr_gain": -10.855767244964548
  },
  "config": {
    "mode": "drp_dip",
    "backbone": "unet",
    "input_channels": 32,
    "output_channels": 1,
    "activation": "mish",
    "norm": "batch",
    "learning_rate": 0.001,
    "latent_learning_rate": 0.05,
    "adapter_learning_rate": 0.001,
    "iterations": 10,
    "tv_weight": 0.0,
    "tv_mode": "l1",
    "log_interval": 100,
    "exp_smoothing": 0.99,
    "reg_noise_std": 0.0,
    "train_norm_layers": true,
    "train_output_adapter": true,
    "unet_features": [
      64,
      128,
      256,
      512
    ],
    "lightweight_channels": [
      128,
      128,
      64,
      64
    ],
    "pad_border": 0
  }
}