{
  "iterations": [
    1,
    2,
    3,
    4,
    5,
    6,
    7,
    8,
    9,
    10
  ],
  "elapsed_seconds": [
    26.467200994491577,
    50.52553415298462,
    81.74658393859863,
    109.07478499412537,
    156.45987915992737,
    187.10449695587158,
    217.48210096359253,
    248.88975405693054,
    273.76225090026855,
    306.63747692108154
  ],
  "total_loss": [
    0.19365228712558746,
    0.08084465563297272,
    0.12780486047267914,
    0.07584407180547714,
    0.06438098102807999,
    0.055975291877985,
    0.05455015227198601,
    0.033259596675634384,
    0.021681396290659904,
    0.018380340188741684
  ],
  "mse_loss": [
    0.1620715707540512,
    0.06478087604045868,
    0.11748512834310532,
    0.06808885931968689,
    0.0579555369913578,
    0.049421731382608414,
    0.04945516213774681,
    0.029099248349666595,
    0.01836486905813217,
    0.01569455862045288
  ],
  "tv_loss": [
    0.031580712646245956,
    0.016063781455159187,
    0.010319731198251247,
    0.007755213882774115,
    0.006425445433706045,
    0.006553561892360449,
    0.0050949896685779095,
    0.004160346928983927,
    0.00331652769818902,
    0.002685782266780734
  ],
  "snr": [
    -15.238620482114655,
    -15.170415301714566,
    -15.094739244487325,
    -15.013596231547801,
    -14.930125613350034,
    -14.848297641877688,
    -14.766199687056279,
    -14.684312506154543,
    -14.601479713039438,
    -14.51779776173818
  ],
  "psnr": [
    12.477980614351765,
    12.546185794751857,
    12.621861851979098,
    12.703004864918618,
    12.786475483116389,
    12.868303454588732,
    12.950401409410144,
    13.032288590311879,
    13.115121383426981,
    13.19880333472824
  ],
  "ssim": [
    0.02003500926264464,
    0.019818011481677077,
    0.019425605052012507,
    0.019281124799911984,
    0.019181101124733754,
    0.019067881878169494,
    0.018967836128800396,
    0.018821068598046706,
    0.018701695442158987,
    0.018640298233290147
  ],
  "best_iteration": 10,
  "best_metrics": {
    "residual_energy": 0.13814668357372284,
    "snr": -14.51779776173818,
    "psnr": 13.19880333472824,
    "ssim": 0.018640298233290147,
    "snr_input": -0.8169071083418361,
    "snr_gain": -13.700890653396344
  },
  "config": {
    "mode": "standard_dip",
    "backbone": "unet",
    "input_channels": 32,
    "output_channels": 1,
    "activation": "mish",
    "norm": "batch",
    "learning_rate": 0.001,
    "latent_learning_rate": 0.05,
    "adapter_learning_rate": 0.001,
    "iterations": 10,
    "tv_weight": 0.05,
    "tv_mode": "l1",
    "log_interval": 100,
    "exp_smoothing": 0.99,
    "reg_noise_std": 0.03,
    "train_norm_layers": true,
    "train_output_adapter": true,
    "unet_features": [
      64,
      128,
      256,
      512
    ],
    "lightweight_channels": [
      128,
      128,
      64,
      64
    ],
    "pad_border": 0
  }
}