experiment_name,dataset_type,method,method_id,best_iteration,elapsed_seconds,snr,snr_input,snr_gain,residual_energy
benchmark_run,synthetic,Standard DIP,standard_dip,297,40.39952301979065,7.589957395734546,5.203802106982559,2.3861552887519863,0.002700642915442586
benchmark_run,synthetic,DRP-DIP,drp_dip,2200,29.865875244140625,-7.355001514151153,5.203802106982559,-12.558803621133713,0.1080910861492157
benchmark_run,synthetic,AS-DIP,as_dip,1841,31.04936671257019,8.965931017201283,5.203802106982559,3.762128910218724,0.0029857680201530457
