experiment_name,dataset_type,method,method_id,best_iteration,elapsed_seconds,snr,snr_input,snr_gain,residual_energy
benchmark_run,synthetic,Standard DIP,standard_dip,331,138.41706323623657,7.792974416496959,5.226967462011347,2.566006954485612,0.002300499938428402
benchmark_run,synthetic,DRP-DIP,drp_dip,2194,89.16956114768982,9.379605918576605,5.226967462011347,4.152638456565258,0.0019148994470015168
benchmark_run,synthetic,AS-DIP,as_dip,1808,93.43086385726929,9.514889550057509,5.226967462011347,4.287922088046162,0.0026046084240078926
