experiment_name,dataset_type,method,method_id,best_iteration,elapsed_seconds,snr,snr_input,snr_gain,psnr,ssim,residual_energy
benchmark_1500_as_best,synthetic,Standard DIP,standard_dip,638,692.6180608272552,10.157921074700567,5.226967462011347,4.930953612689221,32.71413544078604,0.9494257355972359,0.0029401034116744995
benchmark_1500_as_best,synthetic,DRP-DIP,drp_dip,1500,557.5650839805603,9.87133109888298,5.226967462011347,4.644363636871633,32.427545464968446,0.9431162000684558,0.0033429889008402824
benchmark_1500_as_best,synthetic,AS-DIP,as_dip,898,606.9425749778748,7.725990296646125,5.226967462011347,2.4990228346347783,30.28220466273155,0.5296720065506805,0.0014036163920536637
